No.,Quantity,Comment,Designator,Footprint,Value,Manufacturer Part,Manufacturer,Supplier Part,Supplier
1,1,蜂鸣器,BUZ1,BUZ-TH_BD9.0-P5.00-D0.6-FD,,TMB09A05,XHXDZ(兴华鑫),C49246939,LCSC
2,6,100nF,"C1,C3,C9,C10,C11,C12",C0603,100nF,CC0603KRX7R9BB104,YAGEO(国巨),C14663,LCSC
3,1,10uF,C2,C0603,10uF,CGA0603X5R106K250JT,HRE(芯声),C6119815,LCSC
4,3,10nF,"C6,C8,C13",C0805,10nF,CL21B103KBANNNC,SAMSUNG(三星),C1710,LCSC
5,2,1N4148,"D1,D2",DO-35_BD2.2-L4.0-D0.50_1N4148,1N4148,1N4148,XCH(旭昌辉),C7437620,LCSC
6,1,SR410361N,DS1,LED-SEG-TH_12P-L30.0-W14.0-P2.54-S10.26-BL,,SR410361N,ARKLED(方舟),C132660,LCSC
7,1,PZ254V-11-03P,J1,HDR-TH_3P-P2.54-V-M_PZ254V-11-03P,,PZ254V-11-03P,XFCN(兴飞),C2937625,LCSC
8,1,PZ254V-11-02P,J2,HDR-TH_2P-P2.54-V-M,,PZ254V-11-02P,XFCN(兴飞),C492401,LCSC
9,1,NCD0805R1,LED1,LED0805-RD,,NCD0805R1,国星光电,C84256,LCSC
10,1,KT-0805G,LED2,LED0805-R-RD,,KT-0805G,KENTO,C2297,LCSC
11,1,XL-0805QBC,LED3,LED0805-R-RD_BLUE,,GL0805UB01,Guiguang light(桂光光电),C51933309,LCSC
12,1,KT-0805Y,LED4,LED0805-R-RD,,GL0805UY01,Guiguang light(桂光光电),C51933310,LCSC
13,4,S8550,"Q1,Q2,Q3,Q4",SOT-23-3_L2.9-W1.3-P1.90-LS2.4-BR,,S8550,R+O(宏嘉诚),C20069126,LCSC
14,1,S8050 J3Y(RANGE:200-350),Q5,SOT-23-3_L3.0-W1.7-P0.95-LS2.9-BR,,S8050 J3Y(RANGE:200-350),CJ(江苏长电/长晶),C2146,LCSC
15,8,100Ω,"R1,R2,R3,R4,R5,R6,R7,R8",R0603,100Ω,0603WAF1000T5E,UNI-ROYAL(厚声),C22775,LCSC
16,4,1kΩ,"R13,R14,R15,R16",R0805,1kΩ,0805W8F1001T5E,UNI-ROYAL(厚声),C17513,LCSC
17,9,10kΩ,"R17,R18,R19,R20,R21,R22,R23,R24,R26",R0603,10kΩ,RC0603FR-0710KL,YAGEO(国巨),C98220,LCSC
18,1,1kΩ,R25,R0805,1kΩ,0805W8F1001T5E,UNI-ROYAL(厚声),C17513,LCSC
19,4,220Ω,"R27,R28,R29,R30",R0603,220Ω,0603WAF2200T5E,UNI-ROYAL(厚声),C22962,LCSC
20,4,6*6*4.3轻触开关,"SW1,SW2,SW3,SW4",SW-SMD_4P-L6.0-W6.0-P4.50-LS9.2-1,,K2-1102SP-A4SC-04,韩国韩荣,C83916,LCSC
21,1,STM32F103C8T6-Card,U1,CONN-TH_L53.3-W22.9_STM32F103C8T6-CARD,,LCKFB-DKX-STM32F103C8T6,立创开发板,C22396880,LCSC
22,1,CR2032-2-1,V1,BAT-TH_CR2032-2-1,CR2032,KH-CR2032-2-1,kinghelm(金航标),C5365915,LCSC